ID,Requirement,Type,Applicable modules,Code evidence,Runtime evidence,Automated test,Last executed result,Evidence conflict,Final status
"C01-1.1-001","The Constitution shall remain valid regardless of changes to frontend, backend, database, or integration technologies.","Documentation","Governance","Matrix code refs","Round3 harness executed","TEST_EXECUTION_RESULTS.json","2026-06-27","","Static Verified — appropriate for static requirement"
"C01-1.1-002","The platform must fulfill governance obligations defined by this Constitution from a governance perspective.","Documentation","Governance","Matrix code refs","Round3 harness executed","TEST_EXECUTION_RESULTS.json","2026-06-27","","Static Verified — appropriate for static requirement"
"C01-1.1-003","All subordinate governance, UX, workflow, access control, and implementation documents shall conform to this Constitution.","Documentation","Governance","Matrix code refs","Round3 harness executed","TEST_EXECUTION_RESULTS.json","2026-06-27","","Static Verified — appropriate for static requirement"
"C01-1.2-001","When documents conflict, the higher-level document shall always prevail.","Documentation","Governance","Matrix code refs","Round3 harness executed","TEST_EXECUTION_RESULTS.json","2026-06-27","","Static Verified — appropriate for static requirement"
"C01-1.2-002","No subordinate document may override or contradict this Constitution.","Documentation","Governance","Matrix code refs","Round3 harness executed","TEST_EXECUTION_RESULTS.json","2026-06-27","","Static Verified — appropriate for static requirement"
"C01-1.2-003","The official governance library shall maintain the DX OSE Constitution at minimum.","Documentation","Governance","Matrix code refs","Round3 harness executed","TEST_EXECUTION_RESULTS.json","2026-06-27","","Static Verified — appropriate for static requirement"
"C01-1.2-004","The official governance library shall maintain the DX OSE UX Constitution at minimum.","Documentation","Governance","Matrix code refs","Round3 harness executed","TEST_EXECUTION_RESULTS.json","2026-06-27","","Static Verified — appropriate for static requirement"
"C01-1.2-005","The official governance library shall maintain Business Decision Records (BDR) at minimum.","Documentation","Governance","Matrix code refs","Round3 harness executed","TEST_EXECUTION_RESULTS.json","2026-06-27","","Static Verified — appropriate for static requirement"
"C01-1.2-006","The official governance library shall maintain Workflow Contracts at minimum.","Documentation","Governance","Matrix code refs","Round3 harness executed","TEST_EXECUTION_RESULTS.json","2026-06-27","","Static Verified — appropriate for static requirement"
"C01-1.2-007","The official governance library shall maintain the Access Control Catalog (ACC) at minimum.","Documentation","Governance","Matrix code refs","Round3 harness executed","TEST_EXECUTION_RESULTS.json","2026-06-27","","Static Verified — appropriate for static requirement"
"C01-1.2-008","The official governance library shall maintain the Architecture Guide at minimum.","Documentation","Governance","Matrix code refs","Round3 harness executed","TEST_EXECUTION_RESULTS.json","2026-06-27","","Static Verified — appropriate for static requirement"
"C01-1.2-009","The official governance library shall maintain the Implementation Guide at minimum.","Documentation","Governance","Matrix code refs","Round3 harness executed","TEST_EXECUTION_RESULTS.json","2026-06-27","","Static Verified — appropriate for static requirement"
"C01-1.4-001","Normative keywords shall be interpreted exactly as defined in Chapter 1.4.","Documentation","Governance","Matrix code refs","Round3 harness executed","TEST_EXECUTION_RESULTS.json","2026-06-27","","Static Verified — appropriate for static requirement"
"C02-2.1-001","DX OSE shall provide one consistent document lifecycle experience across all operational modules.","Static architecture","GRN, Transfer, Breakage, Get Pass","Matrix code refs","Round3 harness executed","TEST_EXECUTION_RESULTS.json","2026-06-27","","Static Verified — appropriate for static requirement"
"C02-2.1-002","Internal workflow implementation must never be exposed to end users.","Runtime workflow","GRN, Transfer, Breakage, Get Pass","Matrix code refs","Round3 harness executed","TEST_EXECUTION_RESULTS.json","2026-06-27","","Partial"
"C02-2.1-003","Internal workflow step names must never be exposed to end users.","Runtime workflow","GRN, Transfer, Breakage, Get Pass","Matrix code refs","Round3 harness executed","TEST_EXECUTION_RESULTS.json","2026-06-27","","Partial"
"C02-2.1-004","Internal status codes must never be exposed to end users.","Runtime workflow","Lost Items, Movement, Inventory Count","Matrix code refs","Round3 harness executed","TEST_EXECUTION_RESULTS.json","2026-06-27","","Partial"
"C02-2.2-001","Each user-facing lifecycle state shall represent one consistent business meaning across the entire DX OSE ERP Platform.","Static architecture","GRN, Transfer, Breakage, Get Pass","Matrix code refs","Round3 harness executed","TEST_EXECUTION_RESULTS.json","2026-06-27","","Static Verified — appropriate for static requirement"
"C02-2.2-002","No module may redefine the standardized user-facing lifecycle state meanings.","Static architecture","Lost Items, Movement, Inventory Count","Matrix code refs","Round3 harness executed","TEST_EXECUTION_RESULTS.json","2026-06-27","","Static Verified — appropriate for static requirement"
"C02-2.2-003","No module may introduce additional user-facing lifecycle states unless first ratified in this Constitution.","Static architecture","Movement, Inventory Count","Matrix code refs","Round3 harness executed","TEST_EXECUTION_RESULTS.json","2026-06-27","","Static Verified — appropriate for static requirement"
"C02-2.2-004","A separate user-facing state named Cancelled shall not be introduced unless ratified in this Constitution.","Static architecture","Movement, Inventory Count","Matrix code refs","Round3 harness executed","TEST_EXECUTION_RESULTS.json","2026-06-27","","Static Verified — appropriate for static requirement"
"C02-2.3-001","Each module shall provide a consistent mapping between internal workflow states and standardized user-facing lifecycle states.","Runtime workflow","GRN, Transfer, Breakage, Get Pass","Matrix code refs","Round3 harness executed","TEST_EXECUTION_RESULTS.json","2026-06-27","","Partial"
"C02-2.3-002","Internal workflow identifiers must never be exposed to end users.","Runtime workflow","GRN, Transfer, Breakage, Get Pass","Matrix code refs","Round3 harness executed","TEST_EXECUTION_RESULTS.json","2026-06-27","","Partial"
"C02-2.3-003","Internal status codes must never be exposed to end users.","Runtime workflow","Lost Items, Movement, Inventory Count","Matrix code refs","Round3 harness executed","TEST_EXECUTION_RESULTS.json","2026-06-27","","Partial"
"C02-2.3-004","Internal enum names must never be exposed to end users.","Static architecture","Lost Items, Movement","Matrix code refs","Round3 harness executed","TEST_EXECUTION_RESULTS.json","2026-06-27","","Static Verified — appropriate for static requirement"
"C02-2.3-005","Internal workflow step names must never be exposed to end users.","Runtime workflow","Transfer, Breakage","Matrix code refs","Round3 harness executed","TEST_EXECUTION_RESULTS.json","2026-06-27","","Partial"
"C02-2.3-006","Other internal implementation details must never be exposed to end users.","Static architecture","GRN, Transfer, Breakage, Get Pass","Matrix code refs","Round3 harness executed","TEST_EXECUTION_RESULTS.json","2026-06-27","","Static Verified — appropriate for static requirement"
"C02-2.3-007","Identical business outcomes shall always resolve to the same standardized user-facing lifecycle state across the DX OSE platform.","Static architecture","GRN, Transfer, Breakage, Get Pass","Matrix code refs","Round3 harness executed","TEST_EXECUTION_RESULTS.json","2026-06-27","","Static Verified — appropriate for static requirement"
"C02-2.4.1-001","Posting is the single business commit point for all operational and financial effects within the DX OSE ERP Platform.","Data integrity","GRN, Transfer, Breakage, Get Pass, Movement","Matrix code refs","Round3 harness executed","TEST_EXECUTION_RESULTS.json","2026-06-27","","Partial"
"C02-2.4.1-002","No operational or financial effect shall be considered official before Posting unless this Constitution explicitly states otherwise.","Data integrity","GRN, Transfer, Breakage, Get Pass","Matrix code refs","Round3 harness executed","TEST_EXECUTION_RESULTS.json","2026-06-27","","Partial"
"C02-2.4.2-001","Operational reports shall derive operational and financial results exclusively from Posted documents.","Reporting","Reports","Matrix code refs","Round3 harness executed","TEST_EXECUTION_RESULTS.json","2026-06-27","","Not Run"
"C02-2.5-001","Editability shall be governed exclusively by document lifecycle state, not by individual screen implementations.","UI/UX","GRN, Transfer, Breakage, Get Pass, Lost Items, Movement, Inventory Count","Matrix code refs","Round3 harness executed","TEST_EXECUTION_RESULTS.json","2026-06-27","","Not Run"
"C02-2.5-002","Documents in Draft state shall be editable.","Static architecture","GRN, Transfer, Get Pass","Matrix code refs","Round3 harness executed","TEST_EXECUTION_RESULTS.json","2026-06-27","","Static Verified — appropriate for static requirement"
"C02-2.5-003","Documents in Returned state shall be editable.","Static architecture","GRN","Matrix code refs","Round3 harness executed","TEST_EXECUTION_RESULTS.json","2026-06-27","","Static Verified — appropriate for static requirement"
"C02-2.5-004","Documents in Submitted state shall not be editable.","Runtime workflow","GRN, Transfer","Matrix code refs","Round3 harness executed","TEST_EXECUTION_RESULTS.json","2026-06-27","","Partial"
"C02-2.5-005","Documents in In Review state shall not be editable.","UI/UX","GRN, Transfer, Breakage, Get Pass","Matrix code refs","Round3 harness executed","TEST_EXECUTION_RESULTS.json","2026-06-27","","Not Run"
"C02-2.5-006","Documents in Posted state shall not be editable.","Static architecture","GRN","Matrix code refs","Round3 harness executed","TEST_EXECUTION_RESULTS.json","2026-06-27","","Static Verified — appropriate for static requirement"
"C02-2.5-007","Documents in Rejected state shall not be editable.","Runtime workflow","GRN, Transfer, Get Pass, Breakage, Lost Items","Matrix code refs","Round3 harness executed","TEST_EXECUTION_RESULTS.json","2026-06-27","","Partial"
"C02-2.5-008","Documents in Void or Cancelled state shall not be editable.","Static architecture","Movement, Get Pass","Matrix code refs","Round3 harness executed","TEST_EXECUTION_RESULTS.json","2026-06-27","","Static Verified — appropriate for static requirement"
"C02-2.5-009","Documents in Closed state shall not be editable.","Static architecture","Transfer, Get Pass","Matrix code refs","Round3 harness executed","TEST_EXECUTION_RESULTS.json","2026-06-27","","Static Verified — appropriate for static requirement"
"C02-2.6-001","Delete is permitted only while the document is in Draft.","Static architecture","GRN, Transfer, Get Pass","Matrix code refs","Round3 harness executed","TEST_EXECUTION_RESULTS.json","2026-06-27","","Static Verified — appropriate for static requirement"
"C02-2.6-002","Once a document leaves Draft, Delete must not be available.","Static architecture","GRN, Transfer, Get Pass","Matrix code refs","Round3 harness executed","TEST_EXECUTION_RESULTS.json","2026-06-27","","Static Verified — appropriate for static requirement"
"C02-2.6-003","Business termination shall use governed lifecycle actions (Cancel, Reject, Void, Close, etc.) instead of Delete after Draft.","Runtime workflow","GRN, Breakage, Inventory Count, Transfer, Get Pass","Matrix code refs","Round3 harness executed","TEST_EXECUTION_RESULTS.json","2026-06-27","","Partial"
"C02-2.6-004","Once a document enters the governed lifecycle, business termination actions shall replace deletion.","Static architecture","GRN, Transfer, Breakage, Get Pass, Inventory Count, Lost Items, Movement","Matrix code refs","Round3 harness executed","TEST_EXECUTION_RESULTS.json","2026-06-27","","Static Verified — appropriate for static requirement"
"C02-2.7-001","After Return, the workflow path shall be Edit then Submit.","Runtime workflow","GRN","Matrix code refs","Round3 harness executed","TEST_EXECUTION_RESULTS.json","2026-06-27","","Partial"
"C02-2.7-002","There shall be no separate action named Re-submit.","Runtime workflow","GRN","Matrix code refs","Round3 harness executed","TEST_EXECUTION_RESULTS.json","2026-06-27","","Partial"
"C02-2.7-003","Submit shall always represent entering the workflow, whether for the first time or after Return.","Runtime workflow","GRN, Transfer, Breakage, Get Pass","Matrix code refs","Round3 harness executed","TEST_EXECUTION_RESULTS.json","2026-06-27","","Partial"
"C02-2.7-004","After Reject, the same document must not re-enter workflow.","Runtime workflow","GRN","Matrix code refs","Round3 harness executed","TEST_EXECUTION_RESULTS.json","2026-06-27","","Partial"
"C02-2.7-005","After Reject, a new document is required to repeat the operation.","Runtime workflow","GRN, Transfer, Breakage, Lost Items, Get Pass","Matrix code refs","Round3 harness executed","TEST_EXECUTION_RESULTS.json","2026-06-27","","Partial"
"C02-2.8-001","Every document detail view shall present a unified timeline showing current state when applicable.","UI/UX","GRN, Get Pass, Inventory Count","Matrix code refs","Round3 harness executed","TEST_EXECUTION_RESULTS.json","2026-06-27","","Not Run"
"C02-2.8-002","Every document detail view shall present a unified timeline showing workflow step when applicable.","UI/UX","GRN, Inventory Count","Matrix code refs","Round3 harness executed","TEST_EXECUTION_RESULTS.json","2026-06-27","","Not Run"
"C02-2.8-003","Every document detail view shall present a unified timeline showing actor when applicable.","UI/UX","GRN","Matrix code refs","Round3 harness executed","TEST_EXECUTION_RESULTS.json","2026-06-27","","Not Run"
"C02-2.8-004","Every document detail view shall present a unified timeline showing date and time when applicable.","UI/UX","GRN","Matrix code refs","Round3 harness executed","TEST_EXECUTION_RESULTS.json","2026-06-27","","Not Run"
"C02-2.8-005","Every document detail view shall present a unified timeline showing mandatory reasons when applicable.","UI/UX","GRN, Transfer, Breakage, Lost Items, Inventory Count","Matrix code refs","Round3 harness executed","TEST_EXECUTION_RESULTS.json","2026-06-27","","Not Run"
"C02-2.8-006","Every document detail view shall present a unified timeline showing workflow comments when applicable.","UI/UX","GRN, Transfer, Breakage, Lost Items","Matrix code refs","Round3 harness executed","TEST_EXECUTION_RESULTS.json","2026-06-27","","Not Run"
"C02-2.8-007","Every document detail view shall present a unified timeline showing system events when applicable.","UI/UX","GRN, Get Pass","Matrix code refs","Round3 harness executed","TEST_EXECUTION_RESULTS.json","2026-06-27","","Not Run"
"C02-2.8-008","Every document detail view shall present a unified timeline showing duration when applicable.","UI/UX","GRN","Matrix code refs","Round3 harness executed","TEST_EXECUTION_RESULTS.json","2026-06-27","","Not Run"
"C03-3.1-001","Users shall see only the actions they need for their role and document state.","Permission/security","GRN, Transfer, Breakage, Lost Items, Get Pass, Movement, Inventory Count","Matrix code refs","Round3 harness executed","TEST_EXECUTION_RESULTS.json","2026-06-27","","Partial"
"C03-3.1-002","Action behavior shall remain consistent across all DX OSE modules regardless of workflow implementation.","Runtime workflow","GRN, Transfer, Breakage, Lost Items","Matrix code refs","Round3 harness executed","TEST_EXECUTION_RESULTS.json","2026-06-27","","Partial"
"C03-3.1-003","No module may invent alternative names for standard actions unless ratified in this Constitution.","Static architecture","GRN, Transfer","Matrix code refs","Round3 harness executed","TEST_EXECUTION_RESULTS.json","2026-06-27","","Static Verified — appropriate for static requirement"
"C03-3.2-001","Cancel is an action, not a lifecycle state.","Static architecture","Inventory Count, GRN","Matrix code refs","Round3 harness executed","TEST_EXECUTION_RESULTS.json","2026-06-27","","Static Verified — appropriate for static requirement"
"C03-3.2-002","Alternative Cancel labels with the same meaning (Abort, Discard, Cancel Document) must not be used.","UI/UX","Platform","Matrix code refs","Round3 harness executed","TEST_EXECUTION_RESULTS.json","2026-06-27","","Not Run"
"C03-3.3-001","Reviewer actions shall be available only while the document is actively assigned to the current reviewer according to workflow definition and the permission model.","UI/UX","GRN","Matrix code refs","Round3 harness executed","TEST_EXECUTION_RESULTS.json","2026-06-27","","Not Run"
"C03-3.4-001","Send Back shall not end the document.","Static architecture","GRN","Matrix code refs","Round3 harness executed","TEST_EXECUTION_RESULTS.json","2026-06-27","","Static Verified — appropriate for static requirement"
"C03-3.4-002","Send Back shall allow edit.","Static architecture","GRN","Matrix code refs","Round3 harness executed","TEST_EXECUTION_RESULTS.json","2026-06-27","","Static Verified — appropriate for static requirement"
"C03-3.4-003","Send Back shall require a reason.","Static architecture","GRN","Matrix code refs","Round3 harness executed","TEST_EXECUTION_RESULTS.json","2026-06-27","","Static Verified — appropriate for static requirement"
"C03-3.4-004","Send Back next step shall be Edit then Submit.","Runtime workflow","GRN","Matrix code refs","Round3 harness executed","TEST_EXECUTION_RESULTS.json","2026-06-27","","Partial"
"C03-3.4-005","Send Back shall continue the business transaction.","Static architecture","GRN","Matrix code refs","Round3 harness executed","TEST_EXECUTION_RESULTS.json","2026-06-27","","Static Verified — appropriate for static requirement"
"C03-3.4-006","Reject shall end the document.","Runtime workflow","GRN, Transfer, Breakage, Lost Items, Get Pass","Matrix code refs","Round3 harness executed","TEST_EXECUTION_RESULTS.json","2026-06-27","","Partial"
"C03-3.4-007","Reject shall not allow edit.","Runtime workflow","GRN","Matrix code refs","Round3 harness executed","TEST_EXECUTION_RESULTS.json","2026-06-27","","Partial"
"C03-3.4-008","Reject shall require a reason.","Runtime workflow","GRN","Matrix code refs","Round3 harness executed","TEST_EXECUTION_RESULTS.json","2026-06-27","","Partial"
"C03-3.4-009","Reject next step shall require a new document if the operation repeats.","Runtime workflow","GRN, Transfer, Breakage, Lost Items, Get Pass","Matrix code refs","Round3 harness executed","TEST_EXECUTION_RESULTS.json","2026-06-27","","Partial"
"C03-3.4-010","Reject shall terminate the business transaction.","Runtime workflow","GRN, Transfer, Breakage, Lost Items, Get Pass","Matrix code refs","Round3 harness executed","TEST_EXECUTION_RESULTS.json","2026-06-27","","Partial"
"C03-3.5-001","There shall be only one primary action for the current document state.","Static architecture","GRN","Matrix code refs","Round3 harness executed","TEST_EXECUTION_RESULTS.json","2026-06-27","","Static Verified — appropriate for static requirement"
"C03-3.6-001","Button order shall be Primary, then Secondary, then Neutral, then Danger.","UI/UX","Transfer","Matrix code refs","Round3 harness executed","TEST_EXECUTION_RESULTS.json","2026-06-27","","Not Run"
"C04-4.1-001","Operation permissions govern authorization only.","Documentation","Platform","Matrix code refs","Round3 harness executed","TEST_EXECUTION_RESULTS.json","2026-06-27","","Static Verified — appropriate for static requirement"
"C04-4.1-002","Operation permissions shall never replace workflow validation.","Documentation","GRN, Transfer, Breakage","Matrix code refs","Round3 harness executed","TEST_EXECUTION_RESULTS.json","2026-06-27","","Static Verified — appropriate for static requirement"
"C04-4.1-003","Operation permissions shall never replace lifecycle validation.","Documentation","GRN, Transfer, Breakage, Get Pass, Lost Items, Movement","Matrix code refs","Round3 harness executed","TEST_EXECUTION_RESULTS.json","2026-06-27","","Static Verified — appropriate for static requirement"
"C04-4.1-004","Operation permissions shall never replace business rule enforcement.","Documentation","GRN, Posting","Matrix code refs","Round3 harness executed","TEST_EXECUTION_RESULTS.json","2026-06-27","","Static Verified — appropriate for static requirement"
"C04-4.1-005","The Access Control Catalog (ACC) is the single source of truth for permissions.","Documentation","Platform","Matrix code refs","Round3 harness executed","TEST_EXECUTION_RESULTS.json","2026-06-27","","Static Verified — appropriate for static requirement"
"C04-4.2-001","Evidence Package does not require a separate permission in the current DX OSE release.","Permission/security","GRN, Transfer, Breakage, Lost Items, Get Pass, Inventory Count","Matrix code refs","Round3 harness executed","TEST_EXECUTION_RESULTS.json","2026-06-27","","Partial"
"C04-4.3-001","Permissions shall never bypass document lifecycle rules.","Documentation","GRN, Transfer, Breakage, Get Pass, Lost Items","Matrix code refs","Round3 harness executed","TEST_EXECUTION_RESULTS.json","2026-06-27","","Static Verified — appropriate for static requirement"
"C04-4.3-002","Permissions grant eligibility, not execution authority.","Documentation","GRN, Transfer, Breakage, Get Pass, Lost Items","Matrix code refs","Round3 harness executed","TEST_EXECUTION_RESULTS.json","2026-06-27","","Static Verified — appropriate for static requirement"
"C04-4.3-003","Action Allowed shall equal Permission plus Workflow plus Lifecycle plus Business Rules plus Scope.","Documentation","GRN, Transfer, Breakage, Get Pass, Lost Items","Matrix code refs","Round3 harness executed","TEST_EXECUTION_RESULTS.json","2026-06-27","","Static Verified — appropriate for static requirement"
"C04-4.3-004","Modules shall not introduce alternative operation names for standardized operations.","Documentation","GRN, Transfer","Matrix code refs","Round3 harness executed","TEST_EXECUTION_RESULTS.json","2026-06-27","","Static Verified — appropriate for static requirement"
"C05-5.1-001","Posting is the single irreversible business commit point for all operational and financial effects within the DX OSE Platform.","Data integrity","GRN, Transfer, Breakage, Lost Items, Get Pass, Movement","Matrix code refs","Round3 harness executed","TEST_EXECUTION_RESULTS.json","2026-06-27","","Partial"
"C05-5.1-002","Posting is the only operation permitted to create official operational and financial business effects.","Data integrity","GRN, Transfer, Breakage, Get Pass, Movement","Matrix code refs","Round3 harness executed","TEST_EXECUTION_RESULTS.json","2026-06-27","","Partial"
"C05-5.1-003","Documents become business-immutable after Posting except through formally governed reversal or adjustment procedures.","Data integrity","GRN, Transfer, Breakage, Get Pass, Inventory Count","Matrix code refs","Round3 harness executed","TEST_EXECUTION_RESULTS.json","2026-06-27","","Partial"
"C05-5.2-001","Before Posting, the platform shall verify user authority.","Data integrity","GRN, Transfer, Breakage, Lost Items, Get Pass, Movement","Matrix code refs","Round3 harness executed","TEST_EXECUTION_RESULTS.json","2026-06-27","","Partial"
"C05-5.2-002","Before Posting, the platform shall verify valid workflow state.","Data integrity","GRN, Transfer, Breakage, Lost Items, Get Pass","Matrix code refs","Round3 harness executed","TEST_EXECUTION_RESULTS.json","2026-06-27","","Partial"
"C05-5.2-003","Before Posting, the platform shall verify open inventory/financial period for Posting Date.","Data integrity","GRN, Transfer, Breakage, Movement, Get Pass","Matrix code refs","Round3 harness executed","TEST_EXECUTION_RESULTS.json","2026-06-27","","Partial"
"C05-5.2-004","Before Posting, the platform shall perform full document revalidation.","Data integrity","GRN, Transfer, Breakage, Get Pass","Matrix code refs","Round3 harness executed","TEST_EXECUTION_RESULTS.json","2026-06-27","","Partial"
"C05-5.2-005","Before Posting, the platform shall verify stock availability for outbound documents.","Data integrity","Transfer, GRN, Get Pass, Breakage","Matrix code refs","Round3 harness executed","TEST_EXECUTION_RESULTS.json","2026-06-27","","Partial"
"C05-5.2-006","Full revalidation shall occur immediately before Posting regardless of prior validation.","Data integrity","GRN, Transfer, Breakage, Movement","Matrix code refs","Round3 harness executed","TEST_EXECUTION_RESULTS.json","2026-06-27","","Partial"
"C05-5.2-007","Posting shall use a single transactional boundary.","Data integrity","GRN, Transfer, Breakage, Get Pass","Matrix code refs","Round3 harness executed","TEST_EXECUTION_RESULTS.json","2026-06-27","","Partial"
"C05-5.2-008","Partial posting is prohibited.","Data integrity","GRN, Transfer, Breakage, Movement, Get Pass","Matrix code refs","Round3 harness executed","TEST_EXECUTION_RESULTS.json","2026-06-27","","Partial"
"C05-5.2-009","Any posting failure shall leave the document and related business data completely unchanged.","Data integrity","GRN, Transfer, Breakage, Movement, Get Pass","Matrix code refs","Round3 harness executed","TEST_EXECUTION_RESULTS.json","2026-06-27","","Partial"
"C05-5.2-010","Repeating the same posting request shall never create additional effects.","Data integrity","GRN, Transfer, Breakage, Get Pass, Movement","Matrix code refs","Round3 harness executed","TEST_EXECUTION_RESULTS.json","2026-06-27","","Partial"
"C05-5.2-011","Posting shall be automatically triggered upon successful final workflow approval unless a document-specific governance policy defines otherwise.","Data integrity","GRN, Transfer, Breakage, Get Pass","Matrix code refs","Round3 harness executed","TEST_EXECUTION_RESULTS.json","2026-06-27","","Partial"
"C05-5.2-012","Final Workflow Approval equals business authorization for Posting.","Data integrity","GRN, Transfer, Breakage, Inventory Count","Matrix code refs","Round3 harness executed","TEST_EXECUTION_RESULTS.json","2026-06-27","","Partial"
"C05-5.2-013","No additional posting confirmation is required by default.","Data integrity","GRN, Transfer, Inventory Count","Matrix code refs","Round3 harness executed","TEST_EXECUTION_RESULTS.json","2026-06-27","","Partial"
"C05-5.2-014","Posting behavior shall remain deterministic and repeat-safe throughout the platform.","Data integrity","GRN, Transfer, Breakage, Get Pass, Movement","Matrix code refs","Round3 harness executed","TEST_EXECUTION_RESULTS.json","2026-06-27","","Partial"
"C06-6.3-001","Each document shall permanently maintain Document Date.","Static architecture","GRN, Transfer, Breakage, Get Pass, Movement, Lost Items, Inventory Count","Matrix code refs","Round3 harness executed","TEST_EXECUTION_RESULTS.json","2026-06-27","","Static Verified — appropriate for static requirement"
"C06-6.3-002","Each document shall permanently maintain Posting Date.","Data integrity","GRN, Transfer, Breakage, Get Pass, Movement","Matrix code refs","Round3 harness executed","TEST_EXECUTION_RESULTS.json","2026-06-27","","Partial"
"C06-6.3-003","Each document shall permanently maintain Assigned Posting Period.","Data integrity","GRN, Transfer, Breakage, Get Pass, Movement","Matrix code refs","Round3 harness executed","TEST_EXECUTION_RESULTS.json","2026-06-27","","Partial"
"C06-6.3-004","Document Date and Posting Date must never be treated as interchangeable.","Data integrity","GRN, Transfer, Breakage, Movement","Matrix code refs","Round3 harness executed","TEST_EXECUTION_RESULTS.json","2026-06-27","","Partial"
"C06-6.5-001","Posting is permitted only when Posting Period is Open and all validations pass.","Data integrity","GRN, Transfer, Breakage, Get Pass, Movement","Matrix code refs","Round3 harness executed","TEST_EXECUTION_RESULTS.json","2026-06-27","","Partial"
"C06-6.5-002","Future posting restrictions shall apply to Posting Date only, not Document Date.","Data integrity","GRN, Transfer, Breakage, Get Pass, Movement, Period Close","Matrix code refs","Round3 harness executed","TEST_EXECUTION_RESULTS.json","2026-06-27","","Partial"
"C06-6.5-003","Posting into a Closed period is prohibited.","Data integrity","GRN, Transfer, Breakage, Get Pass, Movement","Matrix code refs","Round3 harness executed","TEST_EXECUTION_RESULTS.json","2026-06-27","","Partial"
"C06-6.5-004","Periods shall close sequentially.","Static architecture","Period Close","Matrix code refs","Round3 harness executed","TEST_EXECUTION_RESULTS.json","2026-06-27","","Static Verified — appropriate for static requirement"
"C06-6.5-005","Periods must not overlap.","Static architecture","Period Close","Matrix code refs","Round3 harness executed","TEST_EXECUTION_RESULTS.json","2026-06-27","","Static Verified — appropriate for static requirement"
"C06-6.5-006","Period validation shall be centralized.","Static architecture","GRN, Transfer, Breakage, Get Pass, Movement, Period Close","Matrix code refs","Round3 harness executed","TEST_EXECUTION_RESULTS.json","2026-06-27","","Static Verified — appropriate for static requirement"
"C06-6.5-007","Modules shall not implement independent period logic.","Static architecture","GRN, Transfer, Breakage, Get Pass, Movement, Lost Items","Matrix code refs","Round3 harness executed","TEST_EXECUTION_RESULTS.json","2026-06-27","","Static Verified — appropriate for static requirement"
"C06-6.5-008","Assigned Posting Period shall be immutable after Posting.","Data integrity","GRN, Transfer, Breakage, Get Pass","Matrix code refs","Round3 harness executed","TEST_EXECUTION_RESULTS.json","2026-06-27","","Partial"
"C06-6.6-001","Period Close validation phase shall use centralized validation with progress indication when Close Period is initiated.","Static architecture","Period Close","Matrix code refs","Round3 harness executed","TEST_EXECUTION_RESULTS.json","2026-06-27","","Static Verified — appropriate for static requirement"
"C06-6.6-002","The platform shall provide governed period-close resolution whenever blocking conditions exist, rather than merely rejecting the request.","Runtime workflow","Period Close","Matrix code refs","Round3 harness executed","TEST_EXECUTION_RESULTS.json","2026-06-27","","Partial"
"C07-7.1-001","Document State Protection and Draft and Recovery must remain separate policies.","Static architecture","GRN, Transfer, Get Pass, Breakage","Matrix code refs","Round3 harness executed","TEST_EXECUTION_RESULTS.json","2026-06-27","","Static Verified — appropriate for static requirement"
"C07-7.2-001","Every operational document shall begin as a server-recognized draft unless Workflow Contracts define otherwise.","Runtime workflow","GRN, Transfer, Get Pass, Breakage","Matrix code refs","Round3 harness executed","TEST_EXECUTION_RESULTS.json","2026-06-27","","Partial"
"C07-7.4-001","The platform shall define draft owner.","Static architecture","GRN, Transfer, Get Pass, Breakage","Matrix code refs","Round3 harness executed","TEST_EXECUTION_RESULTS.json","2026-06-27","","Static Verified — appropriate for static requirement"
"C07-7.4-002","The platform shall define draft access rights.","Permission/security","GRN, Transfer, Get Pass, Breakage","Matrix code refs","Round3 harness executed","TEST_EXECUTION_RESULTS.json","2026-06-27","","Partial"
"C07-7.4-003","The platform shall define draft ownership transfer rules if permitted.","Static architecture","GRN, Transfer, Get Pass, Breakage","Matrix code refs","Round3 harness executed","TEST_EXECUTION_RESULTS.json","2026-06-27","","Static Verified — appropriate for static requirement"
"C07-7.4-004","The platform shall define handling of drafts for inactive or departed users.","Static architecture","GRN, Transfer, Get Pass, Breakage","Matrix code refs","Round3 harness executed","TEST_EXECUTION_RESULTS.json","2026-06-27","","Static Verified — appropriate for static requirement"
"C07-7.5-001","Rules for opening the same draft from multiple sessions or devices shall align with Chapter 8 (Concurrency).","Static architecture","GRN, Transfer, Get Pass, Breakage","Matrix code refs","Round3 harness executed","TEST_EXECUTION_RESULTS.json","2026-06-27","","Static Verified — appropriate for static requirement"
"C07-7.7-001","Auto-save shall occur on meaningful business events.","Static architecture","GRN, Transfer, Get Pass, Breakage","Matrix code refs","Round3 harness executed","TEST_EXECUTION_RESULTS.json","2026-06-27","","Static Verified — appropriate for static requirement"
"C07-7.7-002","Auto-save shall occur on add or delete row.","Static architecture","GRN, Transfer, Get Pass, Breakage","Matrix code refs","Round3 harness executed","TEST_EXECUTION_RESULTS.json","2026-06-27","","Static Verified — appropriate for static requirement"
"C07-7.7-003","Auto-save shall occur on quantity or price change.","Static architecture","GRN, Transfer, Get Pass","Matrix code refs","Round3 harness executed","TEST_EXECUTION_RESULTS.json","2026-06-27","","Static Verified — appropriate for static requirement"
"C07-7.7-004","Auto-save shall occur on supplier or warehouse change.","Static architecture","GRN, Transfer, Get Pass","Matrix code refs","Round3 harness executed","TEST_EXECUTION_RESULTS.json","2026-06-27","","Static Verified — appropriate for static requirement"
"C07-7.7-005","Auto-save shall occur on attachment change.","Static architecture","GRN","Matrix code refs","Round3 harness executed","TEST_EXECUTION_RESULTS.json","2026-06-27","","Static Verified — appropriate for static requirement"
"C07-7.7-006","Auto-save shall occur on notes change.","Static architecture","GRN, Transfer, Get Pass","Matrix code refs","Round3 harness executed","TEST_EXECUTION_RESULTS.json","2026-06-27","","Static Verified — appropriate for static requirement"
"C07-7.7-007","Auto-save shall occur before navigation.","Static architecture","GRN, Transfer, Get Pass","Matrix code refs","Round3 harness executed","TEST_EXECUTION_RESULTS.json","2026-06-27","","Static Verified — appropriate for static requirement"
"C07-7.8-001","Recovered drafts shall not bypass current validation.","Static architecture","GRN","Matrix code refs","Round3 harness executed","TEST_EXECUTION_RESULTS.json","2026-06-27","","Static Verified — appropriate for static requirement"
"C07-7.8-002","Restored documents must be revalidated before continue or submit.","Runtime workflow","GRN, Transfer, Get Pass, Breakage","Matrix code refs","Round3 harness executed","TEST_EXECUTION_RESULTS.json","2026-06-27","","Partial"
"C07-7.9-001","A draft registry is required per document family.","Static architecture","GRN, Transfer, Get Pass, Breakage","Matrix code refs","Round3 harness executed","TEST_EXECUTION_RESULTS.json","2026-06-27","","Static Verified — appropriate for static requirement"
"C07-7.9-002","Default draft retention shall be 30 days.","Static architecture","GRN, Transfer, Get Pass, Breakage","Matrix code refs","Round3 harness executed","TEST_EXECUTION_RESULTS.json","2026-06-27","","Static Verified — appropriate for static requirement"
"C07-7.9-003","Draft expiration policy (delete, archive, expired state) shall be defined by platform policy.","Static architecture","GRN, Transfer, Get Pass, Breakage","Matrix code refs","Round3 harness executed","TEST_EXECUTION_RESULTS.json","2026-06-27","","Static Verified — appropriate for static requirement"
"C07-7.10-001","Document State Protection shall apply to route navigation.","Static architecture","GRN, Transfer, Get Pass, Breakage","Matrix code refs","Round3 harness executed","TEST_EXECUTION_RESULTS.json","2026-06-27","","Static Verified — appropriate for static requirement"
"C07-7.10-002","Document State Protection shall apply to browser refresh.","Static architecture","GRN, Transfer, Get Pass, Breakage","Matrix code refs","Round3 harness executed","TEST_EXECUTION_RESULTS.json","2026-06-27","","Static Verified — appropriate for static requirement"
"C07-7.10-003","Document State Protection shall apply to browser or tab close.","Static architecture","GRN, Transfer, Get Pass, Breakage","Matrix code refs","Round3 harness executed","TEST_EXECUTION_RESULTS.json","2026-06-27","","Static Verified — appropriate for static requirement"
"C07-7.10-004","Document State Protection shall apply to back navigation.","Static architecture","GRN, Transfer, Get Pass, Breakage","Matrix code refs","Round3 harness executed","TEST_EXECUTION_RESULTS.json","2026-06-27","","Static Verified — appropriate for static requirement"
"C07-7.10-005","Document State Protection shall apply to session expiration with unsaved changes.","Static architecture","GRN, Transfer, Get Pass","Matrix code refs","Round3 harness executed","TEST_EXECUTION_RESULTS.json","2026-06-27","","Static Verified — appropriate for static requirement"
"C07-7.10-006","Successful Save Draft or Submit shall return the document to a clean state.","Runtime workflow","GRN, Transfer, Get Pass, Breakage","Matrix code refs","Round3 harness executed","TEST_EXECUTION_RESULTS.json","2026-06-27","","Partial"
"C07-7.11-001","Upon successful creation of the first Server Draft, the System Document Number becomes permanently reserved per Chapter 9.","Static architecture","GRN, Transfer, Get Pass, Breakage","Matrix code refs","Round3 harness executed","TEST_EXECUTION_RESULTS.json","2026-06-27","","Static Verified — appropriate for static requirement"
"C08-8.2-001","Every editable document shall maintain a Concurrency Version for conflict detection.","Static architecture","GRN, Transfer, Get Pass, Breakage","Matrix code refs","Round3 harness executed","TEST_EXECUTION_RESULTS.json","2026-06-27","","Static Verified — appropriate for static requirement"
"C08-8.3-001","Concurrency shall apply to the entire governed document, not isolated fields only.","Static architecture","GRN, Transfer, Get Pass, Breakage, Movement","Matrix code refs","Round3 harness executed","TEST_EXECUTION_RESULTS.json","2026-06-27","","Static Verified — appropriate for static requirement"
"C08-8.4-001","Concurrent edits must be detected at the Draft stage.","Static architecture","GRN, Transfer, Get Pass, Breakage, Movement","Matrix code refs","Round3 harness executed","TEST_EXECUTION_RESULTS.json","2026-06-27","","Static Verified — appropriate for static requirement"
"C08-8.4-002","Last write wins is prohibited for concurrent draft edits.","Static architecture","GRN, Transfer, Get Pass, Breakage","Matrix code refs","Round3 harness executed","TEST_EXECUTION_RESULTS.json","2026-06-27","","Static Verified — appropriate for static requirement"
"C08-8.4-003","Conflicting draft operations shall be rejected.","Runtime workflow","GRN, Transfer, Get Pass, Breakage, Movement","Matrix code refs","Round3 harness executed","TEST_EXECUTION_RESULTS.json","2026-06-27","","Partial"
"C08-8.4-004","Users shall reload the latest version after a conflicting draft operation.","Static architecture","GRN, Transfer, Get Pass, Breakage","Matrix code refs","Round3 harness executed","TEST_EXECUTION_RESULTS.json","2026-06-27","","Static Verified — appropriate for static requirement"
"C08-8.5-001","After Submit, the document shall be read-only except via Return workflow.","Runtime workflow","GRN, Transfer, Get Pass, Breakage, Movement","Matrix code refs","Round3 harness executed","TEST_EXECUTION_RESULTS.json","2026-06-27","","Partial"
"C08-8.6-001","Save Draft must not execute twice on the same version without detection.","Static architecture","GRN, Transfer, Get Pass, Breakage, Movement","Matrix code refs","Round3 harness executed","TEST_EXECUTION_RESULTS.json","2026-06-27","","Static Verified — appropriate for static requirement"
"C08-8.6-002","Submit must not execute twice on the same version without detection.","Runtime workflow","GRN, Transfer, Get Pass, Breakage","Matrix code refs","Round3 harness executed","TEST_EXECUTION_RESULTS.json","2026-06-27","","Partial"
"C08-8.6-003","Approve must not execute twice on the same version without detection.","Runtime workflow","GRN, Transfer, Breakage, Get Pass","Matrix code refs","Round3 harness executed","TEST_EXECUTION_RESULTS.json","2026-06-27","","Partial"
"C08-8.6-004","Reject must not execute twice on the same version without detection.","Runtime workflow","GRN, Transfer, Breakage, Get Pass","Matrix code refs","Round3 harness executed","TEST_EXECUTION_RESULTS.json","2026-06-27","","Partial"
"C08-8.6-005","Send Back must not execute twice on the same version without detection.","Static architecture","GRN","Matrix code refs","Round3 harness executed","TEST_EXECUTION_RESULTS.json","2026-06-27","","Static Verified — appropriate for static requirement"
"C08-8.6-006","Cancel must not execute twice on the same version without detection.","Static architecture","GRN, Transfer, Get Pass, Breakage","Matrix code refs","Round3 harness executed","TEST_EXECUTION_RESULTS.json","2026-06-27","","Static Verified — appropriate for static requirement"
"C08-8.6-007","Post must not execute twice on the same version without detection.","Static architecture","GRN, Transfer, Movement","Matrix code refs","Round3 harness executed","TEST_EXECUTION_RESULTS.json","2026-06-27","","Static Verified — appropriate for static requirement"
"C08-8.7-001","Posting must not execute except on the latest valid document version after concurrency verification.","Data integrity","GRN, Transfer, Movement","Matrix code refs","Round3 harness executed","TEST_EXECUTION_RESULTS.json","2026-06-27","","Partial"
"C08-8.8-001","The platform shall reject conflicting updates.","Runtime workflow","GRN, Transfer, Get Pass, Breakage, Movement","Matrix code refs","Round3 harness executed","TEST_EXECUTION_RESULTS.json","2026-06-27","","Partial"
"C08-8.8-002","The platform shall not overwrite another user's changes during conflict.","Static architecture","GRN, Transfer, Get Pass, Breakage, Movement","Matrix code refs","Round3 harness executed","TEST_EXECUTION_RESULTS.json","2026-06-27","","Static Verified — appropriate for static requirement"
"C08-8.8-003","The platform shall require reload before retry after a conflicting update.","Static architecture","GRN, Transfer, Get Pass, Breakage","Matrix code refs","Round3 harness executed","TEST_EXECUTION_RESULTS.json","2026-06-27","","Static Verified — appropriate for static requirement"
"C08-8.10-001","Concurrency conflicts shall be recorded in audit when appropriate.","Static architecture","GRN, Transfer, Get Pass, Breakage","Matrix code refs","Round3 harness executed","TEST_EXECUTION_RESULTS.json","2026-06-27","","Static Verified — appropriate for static requirement"
"C09-9.2-001","System Document Numbers shall be assigned by the platform only.","Static architecture","GRN, Transfer, Breakage, Get Pass","Matrix code refs","Round3 harness executed","TEST_EXECUTION_RESULTS.json","2026-06-27","","Static Verified — appropriate for static requirement"
"C09-9.2-002","Users must not enter System Document Numbers.","Static architecture","GRN","Matrix code refs","Round3 harness executed","TEST_EXECUTION_RESULTS.json","2026-06-27","","Static Verified — appropriate for static requirement"
"C09-9.2-003","Users must not edit System Document Numbers.","Static architecture","GRN","Matrix code refs","Round3 harness executed","TEST_EXECUTION_RESULTS.json","2026-06-27","","Static Verified — appropriate for static requirement"
"C09-9.2-004","System Document Numbers shall be assigned at first Server Draft Save.","Static architecture","GRN, Transfer, Get Pass, Breakage","Matrix code refs","Round3 harness executed","TEST_EXECUTION_RESULTS.json","2026-06-27","","Static Verified — appropriate for static requirement"
"C09-9.2-005","System Document Number format shall be {Type Prefix}-{Year}-{Sequence}.","Static architecture","Platform","Matrix code refs","Round3 harness executed","TEST_EXECUTION_RESULTS.json","2026-06-27","","Static Verified — appropriate for static requirement"
"C09-9.2-006","External references such as supplier invoice numbers shall be separate fields from System Document Numbers.","Static architecture","GRN","Matrix code refs","Round3 harness executed","TEST_EXECUTION_RESULTS.json","2026-06-27","","Static Verified — appropriate for static requirement"
"C09-9.3-001","System Document Numbers shall be unique within governed numbering scope.","Permission/security","GRN, Transfer, Breakage, Get Pass","Matrix code refs","Round3 harness executed","TEST_EXECUTION_RESULTS.json","2026-06-27","","Partial"
"C09-9.3-002","Upon first Server Draft, the System Document Number shall be permanently reserved.","Static architecture","GRN, Transfer, Get Pass, Breakage","Matrix code refs","Round3 harness executed","TEST_EXECUTION_RESULTS.json","2026-06-27","","Static Verified — appropriate for static requirement"
"C09-9.3-003","Numbers from deleted drafts shall never be released or recycled.","Static architecture","Platform","Matrix code refs","Round3 harness executed","TEST_EXECUTION_RESULTS.json","2026-06-27","","Static Verified — appropriate for static requirement"
"C09-9.3-004","Number gaps are acceptable but numbers must not be reused.","Static architecture","Platform","Matrix code refs","Round3 harness executed","TEST_EXECUTION_RESULTS.json","2026-06-27","","Static Verified — appropriate for static requirement"
"C09-9.3-005","All creation channels (manual, import, integration, future) shall use the same numbering governance.","Static architecture","GRN, Transfer, Breakage, Get Pass","Matrix code refs","Round3 harness executed","TEST_EXECUTION_RESULTS.json","2026-06-27","","Static Verified — appropriate for static requirement"
"C09-9.3-006","Document number prefixes shall be governed centrally.","Static architecture","Platform","Matrix code refs","Round3 harness executed","TEST_EXECUTION_RESULTS.json","2026-06-27","","Static Verified — appropriate for static requirement"
"C09-9.3-007","Modules must not configure document number prefixes independently unless authorized.","Static architecture","Movement, GRN, Transfer, Breakage, Get Pass","Matrix code refs","Round3 harness executed","TEST_EXECUTION_RESULTS.json","2026-06-27","","Static Verified — appropriate for static requirement"
"C09-9.3-008","Gaps from failed or rolled-back number allocation operations are acceptable.","Static architecture","Platform","Matrix code refs","Round3 harness executed","TEST_EXECUTION_RESULTS.json","2026-06-27","","Static Verified — appropriate for static requirement"
"C09-9.3-009","Once assigned, a System Document Number shall be immutable for the entire document lifecycle.","Static architecture","GRN, Transfer, Get Pass, Breakage","Matrix code refs","Round3 harness executed","TEST_EXECUTION_RESULTS.json","2026-06-27","","Static Verified — appropriate for static requirement"
"C09-9.3-010","System Document Number allocation shall be traceable through platform audit mechanisms.","Static architecture","GRN, Transfer, Breakage, Get Pass","Matrix code refs","Round3 harness executed","TEST_EXECUTION_RESULTS.json","2026-06-27","","Static Verified — appropriate for static requirement"
"C09-9.3-011","Manual override of System Document Numbers is prohibited.","Static architecture","Platform","Matrix code refs","Round3 harness executed","TEST_EXECUTION_RESULTS.json","2026-06-27","","Static Verified — appropriate for static requirement"
"C09-9.3-012","System Document Number sequences shall reset annually per prefix per year or fiscal year per platform policy.","Static architecture","Platform","Matrix code refs","Round3 harness executed","TEST_EXECUTION_RESULTS.json","2026-06-27","","Static Verified — appropriate for static requirement"
"C10-10.1-001","Inbound movement documents shall not require stock check at posting.","Data integrity","GRN","Matrix code refs","Round3 harness executed","TEST_EXECUTION_RESULTS.json","2026-06-27","","Partial"
"C10-10.1-002","Outbound movement documents shall require stock check at posting.","Data integrity","Transfer, Breakage, Get Pass","Matrix code refs","Round3 harness executed","TEST_EXECUTION_RESULTS.json","2026-06-27","","Partial"
"C10-10.2-001","Stock availability shall be validated against the latest committed inventory state at Posting.","Data integrity","Transfer, Breakage","Matrix code refs","Round3 harness executed","TEST_EXECUTION_RESULTS.json","2026-06-27","","Partial"
"C10-10.2-002","Negative inventory is prohibited in DX OSE v2.0.","Static architecture","GRN, Transfer, Breakage, Get Pass","Matrix code refs","Round3 harness executed","TEST_EXECUTION_RESULTS.json","2026-06-27","","Static Verified — appropriate for static requirement"
"C10-10.2-003","Quantity must be greater than zero.","Static architecture","GRN, Transfer, Breakage, Movement, Get Pass","Matrix code refs","Round3 harness executed","TEST_EXECUTION_RESULTS.json","2026-06-27","","Static Verified — appropriate for static requirement"
"C10-10.2-004","Zero-quantity lines are prohibited.","Static architecture","GRN, Transfer, Breakage, Movement","Matrix code refs","Round3 harness executed","TEST_EXECUTION_RESULTS.json","2026-06-27","","Static Verified — appropriate for static requirement"
"C10-10.2-005","Quantity precision shall follow platform settings and validation shall use precise values.","Static architecture","Platform","Matrix code refs","Round3 harness executed","TEST_EXECUTION_RESULTS.json","2026-06-27","","Static Verified — appropriate for static requirement"
"C10-10.2-006","Stock validation shall be against the source inventory location defined by the transaction.","Data integrity","Transfer, Breakage","Matrix code refs","Round3 harness executed","TEST_EXECUTION_RESULTS.json","2026-06-27","","Partial"
"C10-10.2-007","All inventory calculations shall use the base unit.","Static architecture","GRN, Breakage","Matrix code refs","Round3 harness executed","TEST_EXECUTION_RESULTS.json","2026-06-27","","Static Verified — appropriate for static requirement"
"C10-10.2-008","No transaction shall violate constitutional stock integrity rules.","Data integrity","GRN, Transfer, Breakage, Get Pass","Matrix code refs","Round3 harness executed","TEST_EXECUTION_RESULTS.json","2026-06-27","","Partial"
"C10-10.2-009","Inventory movements shall be generated exclusively by Posted transactions.","Static architecture","GRN, Transfer, Breakage, Movement","Matrix code refs","Round3 harness executed","TEST_EXECUTION_RESULTS.json","2026-06-27","","Static Verified — appropriate for static requirement"
"C10-10.2-010","Posted inventory movements shall never be edited.","Static architecture","Movement","Matrix code refs","Round3 harness executed","TEST_EXECUTION_RESULTS.json","2026-06-27","","Static Verified — appropriate for static requirement"
"C10-10.2-011","Posted inventory movement corrections shall be made via new governed transactions.","Static architecture","Movement, GRN","Matrix code refs","Round3 harness executed","TEST_EXECUTION_RESULTS.json","2026-06-27","","Static Verified — appropriate for static requirement"
"C10-10.2-012","Inbound documents shall not require stock check at posting.","Data integrity","GRN","Matrix code refs","Round3 harness executed","TEST_EXECUTION_RESULTS.json","2026-06-27","","Partial"
"C10-10.2-013","Outbound stock validation shall be authoritative on the platform.","Data integrity","Transfer, Breakage, Get Pass","Matrix code refs","Round3 harness executed","TEST_EXECUTION_RESULTS.json","2026-06-27","","Partial"
"C10-10.2-014","Client-side outbound stock checks may warn only and shall not be authoritative.","Data integrity","Breakage, Lost Items","Matrix code refs","Round3 harness executed","TEST_EXECUTION_RESULTS.json","2026-06-27","","Partial"
"C10-10.2-015","Valuation at Posting shall follow Chapter 5 posting rules.","Data integrity","GRN, Transfer, Breakage, Get Pass, Inventory Count, Movement","Matrix code refs","Round3 harness executed","TEST_EXECUTION_RESULTS.json","2026-06-27","","Partial"
"C11-11.3-001","Changing display currency shall change symbol and format only.","Documentation","Platform","Matrix code refs","Round3 harness executed","TEST_EXECUTION_RESULTS.json","2026-06-27","","Static Verified — appropriate for static requirement"
"C11-11.3-002","Display currency must not convert amounts.","UI/UX","Platform","Matrix code refs","Round3 harness executed","TEST_EXECUTION_RESULTS.json","2026-06-27","","Not Run"
"C11-11.3-003","Display currency must not alter stored values.","UI/UX","Platform","Matrix code refs","Round3 harness executed","TEST_EXECUTION_RESULTS.json","2026-06-27","","Not Run"
"C11-11.3-004","Display currency must not alter ledger data.","UI/UX","Platform","Matrix code refs","Round3 harness executed","TEST_EXECUTION_RESULTS.json","2026-06-27","","Not Run"
"C11-11.3-005","Display currency must not alter valuation.","UI/UX","Platform","Matrix code refs","Round3 harness executed","TEST_EXECUTION_RESULTS.json","2026-06-27","","Not Run"
"C11-11.3-006","Display currency must not alter historical posted documents.","UI/UX","Platform","Matrix code refs","Round3 harness executed","TEST_EXECUTION_RESULTS.json","2026-06-27","","Not Run"
"C11-11.3-007","Display currency must not participate in financial calculations.","UI/UX","Platform","Matrix code refs","Round3 harness executed","TEST_EXECUTION_RESULTS.json","2026-06-27","","Not Run"
"C11-11.3-008","Display currency must not participate in inventory valuation.","UI/UX","Platform","Matrix code refs","Round3 harness executed","TEST_EXECUTION_RESULTS.json","2026-06-27","","Not Run"
"C11-11.3-009","Display currency must not participate in posting logic.","UI/UX","Platform","Matrix code refs","Round3 harness executed","TEST_EXECUTION_RESULTS.json","2026-06-27","","Not Run"
"C11-11.3-010","Display currency must not participate in taxation.","UI/UX","Platform","Matrix code refs","Round3 harness executed","TEST_EXECUTION_RESULTS.json","2026-06-27","","Not Run"
"C11-11.3-011","Display currency must not participate in accounting transactions.","UI/UX","Platform","Matrix code refs","Round3 harness executed","TEST_EXECUTION_RESULTS.json","2026-06-27","","Not Run"
"C11-11.4-001","Display Currency shall apply consistently across all user interfaces unless explicitly governed otherwise.","UI/UX","Dashboard, Stock","Matrix code refs","Round3 harness executed","TEST_EXECUTION_RESULTS.json","2026-06-27","","Not Run"
"C11-11.4-002","Display Currency shall apply consistently across reports unless explicitly governed otherwise.","UI/UX","Reports","Matrix code refs","Round3 harness executed","TEST_EXECUTION_RESULTS.json","2026-06-27","","Not Run"
"C11-11.4-003","Display Currency shall apply consistently across dashboards unless explicitly governed otherwise.","UI/UX","Dashboard","Matrix code refs","Round3 harness executed","TEST_EXECUTION_RESULTS.json","2026-06-27","","Not Run"
"C11-11.4-004","Display Currency shall apply consistently across exported documents unless explicitly governed otherwise.","UI/UX","Reports","Matrix code refs","Round3 harness executed","TEST_EXECUTION_RESULTS.json","2026-06-27","","Not Run"
"C11-11.4-005","Display Currency shall apply consistently across printed outputs unless explicitly governed otherwise.","UI/UX","Reports, PDF","Matrix code refs","Round3 harness executed","TEST_EXECUTION_RESULTS.json","2026-06-27","","Not Run"
"C11-11.4-006","Reports and PDF shall use property display currency as each channel is brought under this standard.","UI/UX","Dashboard, Reports","Matrix code refs","Round3 harness executed","TEST_EXECUTION_RESULTS.json","2026-06-27","","Not Run"
"C11-11.6-001","Changing Property Display Currency must not modify historical posted documents.","UI/UX","Platform","Matrix code refs","Round3 harness executed","TEST_EXECUTION_RESULTS.json","2026-06-27","","Not Run"
"C11-11.6-002","Changing Property Display Currency must not modify stored business data.","UI/UX","Platform","Matrix code refs","Round3 harness executed","TEST_EXECUTION_RESULTS.json","2026-06-27","","Not Run"
"C12-12.2-001","Optional header fields omitted when not applicable shall not cause positions to shift arbitrarily.","Static architecture","GRN, Transfer, Movement, Breakage, Get Pass, Lost Items","Matrix code refs","Round3 harness executed","TEST_EXECUTION_RESULTS.json","2026-06-27","","Static Verified — appropriate for static requirement"
"C12-12.3-001","System header fields including document number, status, created by/at, and posted by/at must not be user-editable.","Runtime workflow","GRN, Movement, Transfer, Breakage","Matrix code refs","Round3 harness executed","TEST_EXECUTION_RESULTS.json","2026-06-27","","Partial"
"C12-12.4-001","Header fields shall become read-only once the document enters a non-editable lifecycle state unless explicitly governed otherwise.","Static architecture","Movement, GRN, Transfer, Breakage, Get Pass","Matrix code refs","Round3 harness executed","TEST_EXECUTION_RESULTS.json","2026-06-27","","Static Verified — appropriate for static requirement"
"C12-12.5-001","Changes to property, department, or warehouse after lines exist or after workflow progress must require confirmation.","Runtime workflow","GRN, Transfer, Movement","Matrix code refs","Round3 harness executed","TEST_EXECUTION_RESULTS.json","2026-06-27","","Partial"
"C12-12.5-002","Changes to property, department, or warehouse after lines exist or after workflow progress shall follow document business rules.","Runtime workflow","GRN, Transfer, Movement","Matrix code refs","Round3 harness executed","TEST_EXECUTION_RESULTS.json","2026-06-27","","Partial"
"C12-12.6-001","Header information and document lines shall remain logically consistent throughout the lifecycle unless explicitly governed otherwise.","Static architecture","GRN, Transfer, Movement, Breakage, Get Pass","Matrix code refs","Round3 harness executed","TEST_EXECUTION_RESULTS.json","2026-06-27","","Static Verified — appropriate for static requirement"
"C12-12.7-001","Modules adding header fields shall preserve standard header order and positions.","Static architecture","GRN, Transfer, Movement, Breakage, Get Pass, Lost Items, Items","Matrix code refs","Round3 harness executed","TEST_EXECUTION_RESULTS.json","2026-06-27","","Static Verified — appropriate for static requirement"
"C13-13.2-001","Each document line shall maintain a unique internal identity independent of display order or row number.","UI/UX","Movement, GRN, Transfer, Store Requisition","Matrix code refs","Round3 harness executed","TEST_EXECUTION_RESULTS.json","2026-06-27","","Not Run"
"C13-13.4-001","Posted document lines shall be immutable.","Static architecture","GRN, Movement, Breakage, Transfer","Matrix code refs","Round3 harness executed","TEST_EXECUTION_RESULTS.json","2026-06-27","","Static Verified — appropriate for static requirement"
"C13-13.4-002","Posted document line corrections shall be made via new governed business transactions.","Static architecture","Movement, GRN, Transfer, Breakage","Matrix code refs","Round3 harness executed","TEST_EXECUTION_RESULTS.json","2026-06-27","","Static Verified — appropriate for static requirement"
"C13-13.5-001","Line values and calculated fields shall recalculate automatically per governed business rules when relevant data changes.","Static architecture","GRN, Movement, Transfer","Matrix code refs","Round3 harness executed","TEST_EXECUTION_RESULTS.json","2026-06-27","","Static Verified — appropriate for static requirement"
"C13-13.6-001","All document lines shall remain consistent with governing business context in the header unless explicitly governed otherwise.","Static architecture","GRN, Transfer, Movement, Breakage, Get Pass","Matrix code refs","Round3 harness executed","TEST_EXECUTION_RESULTS.json","2026-06-27","","Static Verified — appropriate for static requirement"
"C13-13.7-001","Document totals must not be directly user-editable.","Static architecture","GRN","Matrix code refs","Round3 harness executed","TEST_EXECUTION_RESULTS.json","2026-06-27","","Static Verified — appropriate for static requirement"
"C13-13.7-002","Line totals must not be directly user-editable.","Static architecture","GRN, Transfer","Matrix code refs","Round3 harness executed","TEST_EXECUTION_RESULTS.json","2026-06-27","","Static Verified — appropriate for static requirement"
"C13-13.8-001","Duplicate line behavior shall be defined by each business document according to functional requirements.","Static architecture","GRN, Transfer","Matrix code refs","Round3 harness executed","TEST_EXECUTION_RESULTS.json","2026-06-27","","Static Verified — appropriate for static requirement"
"C13-13.9-001","Significant line-level business changes shall be auditable per platform audit policy.","Static architecture","GRN, Transfer, Get Pass, Breakage","Matrix code refs","Round3 harness executed","TEST_EXECUTION_RESULTS.json","2026-06-27","","Static Verified — appropriate for static requirement"
"C13-13.10-001","Large document line datasets shall not degrade usability per Chapter 27.","Static architecture","GRN, Transfer","Matrix code refs","Round3 harness executed","TEST_EXECUTION_RESULTS.json","2026-06-27","","Static Verified — appropriate for static requirement"
"C14-14.3-001","Posted attachments shall not be modified except by explicit admin governance.","Static architecture","GRN, Breakage","Matrix code refs","Round3 harness executed","TEST_EXECUTION_RESULTS.json","2026-06-27","","Static Verified — appropriate for static requirement"
"C14-14.3-002","Posted attachments shall not be replaced except by explicit admin governance.","Static architecture","GRN, Breakage","Matrix code refs","Round3 harness executed","TEST_EXECUTION_RESULTS.json","2026-06-27","","Static Verified — appropriate for static requirement"
"C14-14.3-003","Posted attachments shall not be deleted except by explicit admin governance.","Static architecture","GRN, Breakage","Matrix code refs","Round3 harness executed","TEST_EXECUTION_RESULTS.json","2026-06-27","","Static Verified — appropriate for static requirement"
"C14-14.3-004","Required attachments must block submit when missing.","Runtime workflow","GRN","Matrix code refs","Round3 harness executed","TEST_EXECUTION_RESULTS.json","2026-06-27","","Partial"
"C14-14.4-001","The platform shall enforce allowed attachment file types per platform policy.","Static architecture","Platform","Matrix code refs","Round3 harness executed","TEST_EXECUTION_RESULTS.json","2026-06-27","","Static Verified — appropriate for static requirement"
"C14-14.4-002","The platform shall enforce maximum attachment file size per platform policy.","Static architecture","GRN, Breakage, Inventory Count","Matrix code refs","Round3 harness executed","TEST_EXECUTION_RESULTS.json","2026-06-27","","Static Verified — appropriate for static requirement"
"C14-14.4-003","The platform shall enforce maximum attachment count per platform policy.","Static architecture","Breakage, GRN","Matrix code refs","Round3 harness executed","TEST_EXECUTION_RESULTS.json","2026-06-27","","Static Verified — appropriate for static requirement"
"C14-14.5-001","Uploaded attachment files shall comply with platform security validation policy.","Permission/security","Platform","Matrix code refs","Round3 harness executed","TEST_EXECUTION_RESULTS.json","2026-06-27","","Partial"
"C14-14.6-001","Attachment download shall be subject to the same authorization as document view.","UI/UX","Platform, Items, GRN","Matrix code refs","Round3 harness executed","TEST_EXECUTION_RESULTS.json","2026-06-27","","Not Run"
"C14-14.8-001","Attachment filenames must not serve as internal identifiers.","Static architecture","Platform","Matrix code refs","Round3 harness executed","TEST_EXECUTION_RESULTS.json","2026-06-27","","Static Verified — appropriate for static requirement"
"C14-14.9-001","All attachment operations shall be auditable.","Static architecture","Breakage, GRN","Matrix code refs","Round3 harness executed","TEST_EXECUTION_RESULTS.json","2026-06-27","","Static Verified — appropriate for static requirement"
"C15-15.2-001","Reject shall require a reason where defined.","Runtime workflow","GRN, Transfer, Get Pass, Breakage, Lost Items, Inventory Count","Matrix code refs","Round3 harness executed","TEST_EXECUTION_RESULTS.json","2026-06-27","","Partial"
"C15-15.2-002","Send Back shall require a reason where defined.","Static architecture","GRN","Matrix code refs","Round3 harness executed","TEST_EXECUTION_RESULTS.json","2026-06-27","","Static Verified — appropriate for static requirement"
"C15-15.2-003","Cancel shall require a reason where defined.","Static architecture","Inventory Count, Breakage","Matrix code refs","Round3 harness executed","TEST_EXECUTION_RESULTS.json","2026-06-27","","Static Verified — appropriate for static requirement"
"C15-15.3-001","Workflow comments shall become immutable once recorded.","Runtime workflow","GRN, Transfer, Breakage, Get Pass","Matrix code refs","Round3 harness executed","TEST_EXECUTION_RESULTS.json","2026-06-27","","Partial"
"C15-15.3-002","System notes shall become immutable once recorded.","Static architecture","Platform","Matrix code refs","Round3 harness executed","TEST_EXECUTION_RESULTS.json","2026-06-27","","Static Verified — appropriate for static requirement"
"C15-15.3-003","Audit comments shall become immutable once recorded.","Static architecture","Platform","Matrix code refs","Round3 harness executed","TEST_EXECUTION_RESULTS.json","2026-06-27","","Static Verified — appropriate for static requirement"
"C15-15.4-001","System notes shall be generated exclusively by the platform.","Static architecture","Platform","Matrix code refs","Round3 harness executed","TEST_EXECUTION_RESULTS.json","2026-06-27","","Static Verified — appropriate for static requirement"
"C15-15.4-002","Users must not manually create system notes.","Static architecture","Platform","Matrix code refs","Round3 harness executed","TEST_EXECUTION_RESULTS.json","2026-06-27","","Static Verified — appropriate for static requirement"
"C15-15.4-003","Users must not manually modify system notes.","Static architecture","Platform","Matrix code refs","Round3 harness executed","TEST_EXECUTION_RESULTS.json","2026-06-27","","Static Verified — appropriate for static requirement"
"C15-15.5-001","Notes and comments shall appear in chronological order within the unified timeline.","UI/UX","GRN, Transfer, Breakage, Lost Items, Get Pass, Inventory Count","Matrix code refs","Round3 harness executed","TEST_EXECUTION_RESULTS.json","2026-06-27","","Not Run"
"C16-16.2-001","Item images are Item Master data.","Documentation","Items","Matrix code refs","Round3 harness executed","TEST_EXECUTION_RESULTS.json","2026-06-27","","Static Verified — appropriate for static requirement"
"C16-16.2-002","Item images must not be created through transactional documents.","Documentation","GRN, Movement, Transfer","Matrix code refs","Round3 harness executed","TEST_EXECUTION_RESULTS.json","2026-06-27","","Static Verified — appropriate for static requirement"
"C16-16.2-003","Item images must not be modified through transactional documents.","Documentation","GRN, Movement, Transfer","Matrix code refs","Round3 harness executed","TEST_EXECUTION_RESULTS.json","2026-06-27","","Static Verified — appropriate for static requirement"
"C16-16.3-001","Item images shall have a single source in Item Master.","Documentation","Items, GRN, Reports","Matrix code refs","Round3 harness executed","TEST_EXECUTION_RESULTS.json","2026-06-27","","Static Verified — appropriate for static requirement"
"C16-16.3-002","A standardized placeholder shall be shown when no item image exists.","Documentation","Items","Matrix code refs","Round3 harness executed","TEST_EXECUTION_RESULTS.json","2026-06-27","","Static Verified — appropriate for static requirement"
"C16-16.3-003","Item images in grids shall use thumbnails, not full resolution.","Documentation","Items, GRN, Transfer, Breakage, Get Pass, Stock Report","Matrix code refs","Round3 harness executed","TEST_EXECUTION_RESULTS.json","2026-06-27","","Static Verified — appropriate for static requirement"
"C16-16.3-004","Maximum item image size shall be 1 MB per image.","Documentation","Platform, Items, Breakage","Matrix code refs","Round3 harness executed","TEST_EXECUTION_RESULTS.json","2026-06-27","","Static Verified — appropriate for static requirement"
"C16-16.3-005","Supported item image formats and dimensions shall follow platform media policy.","Documentation","Items, API","Matrix code refs","Round3 harness executed","TEST_EXECUTION_RESULTS.json","2026-06-27","","Static Verified — appropriate for static requirement"
"C16-16.3-006","Unified export behavior shall apply when an item image is absent.","Documentation","Reports, PDF, Get Pass","Matrix code refs","Round3 harness executed","TEST_EXECUTION_RESULTS.json","2026-06-27","","Static Verified — appropriate for static requirement"
"C17-17.2-001","Keyboard navigation shall be keyboard-first across governed experiences.","UI/UX","Platform, GRN, Transfer, Breakage, Get Pass, Items, Reports","Matrix code refs","Round3 harness executed","TEST_EXECUTION_RESULTS.json","2026-06-27","","Not Run"
"C17-17.2-002","Enter shall move to the next field and shall not submit, post, or delete.","UI/UX","Platform","Matrix code refs","Round3 harness executed","TEST_EXECUTION_RESULTS.json","2026-06-27","","Not Run"
"C17-17.2-003","Enter at row end shall move to the next row or add a row.","UI/UX","Platform","Matrix code refs","Round3 harness executed","TEST_EXECUTION_RESULTS.json","2026-06-27","","Not Run"
"C17-17.2-004","Shift+Enter shall move to the previous field.","UI/UX","Platform","Matrix code refs","Round3 harness executed","TEST_EXECUTION_RESULTS.json","2026-06-27","","Not Run"
"C17-17.2-005","Enter in a textarea shall insert a new line.","UI/UX","Platform","Matrix code refs","Round3 harness executed","TEST_EXECUTION_RESULTS.json","2026-06-27","","Not Run"
"C17-17.2-006","Esc shall close lookup, calendar, or small overlay components.","UI/UX","Platform, GRN","Matrix code refs","Round3 harness executed","TEST_EXECUTION_RESULTS.json","2026-06-27","","Not Run"
"C17-17.2-007","Tab shall follow standard browser focus order.","UI/UX","Platform","Matrix code refs","Round3 harness executed","TEST_EXECUTION_RESULTS.json","2026-06-27","","Not Run"
"C17-17.2-008","Invalid fields shall retain focus.","UI/UX","Platform","Matrix code refs","Round3 harness executed","TEST_EXECUTION_RESULTS.json","2026-06-27","","Not Run"
"C17-17.2-009","After item pick in line entry, focus shall move to quantity.","UI/UX","GRN, Transfer, Breakage, Get Pass, Items","Matrix code refs","Round3 harness executed","TEST_EXECUTION_RESULTS.json","2026-06-27","","Not Run"
"C17-17.3-001","Keyboard behavior shall be consistent across all modules.","UI/UX","GRN, Transfer, Breakage, Get Pass, Movement, Items","Matrix code refs","Round3 harness executed","TEST_EXECUTION_RESULTS.json","2026-06-27","","Not Run"
"C17-17.3-002","Focus shall be visually distinguishable.","UI/UX","Platform","Matrix code refs","Round3 harness executed","TEST_EXECUTION_RESULTS.json","2026-06-27","","Not Run"
"C17-17.3-003","Keyboard navigation shall skip disabled controls.","UI/UX","Platform, GRN, Transfer, Breakage, Get Pass, Movement, Items","Matrix code refs","Round3 harness executed","TEST_EXECUTION_RESULTS.json","2026-06-27","","Not Run"
"C17-17.3-004","Keyboard navigation shall skip hidden controls.","UI/UX","Platform, GRN, Transfer, Breakage, Get Pass, Movement, Items","Matrix code refs","Round3 harness executed","TEST_EXECUTION_RESULTS.json","2026-06-27","","Not Run"
"C17-17.3-005","Dialogs shall assign initial focus to the primary interactive element.","UI/UX","Platform, GRN, Transfer, Breakage, Get Pass","Matrix code refs","Round3 harness executed","TEST_EXECUTION_RESULTS.json","2026-06-27","","Not Run"
"C17-17.3-006","Global shortcuts shall be centrally governed.","UI/UX","Platform, GRN","Matrix code refs","Round3 harness executed","TEST_EXECUTION_RESULTS.json","2026-06-27","","Not Run"
"C17-17.3-007","Modules must not introduce independent global shortcuts.","UI/UX","GRN, Dashboard, Items, Reports","Matrix code refs","Round3 harness executed","TEST_EXECUTION_RESULTS.json","2026-06-27","","Not Run"
"C18-18.1-001","Each error type shall use exactly one display channel.","UI/UX","Platform","Matrix code refs","Round3 harness executed","TEST_EXECUTION_RESULTS.json","2026-06-27","","Not Run"
"C18-18.2-001","Validation errors shall disappear when fixed.","UI/UX","GRN, Transfer, Get Pass","Matrix code refs","Round3 harness executed","TEST_EXECUTION_RESULTS.json","2026-06-27","","Not Run"
"C18-18.2-002","On submit, focus shall move to the first validation error.","UI/UX","Platform","Matrix code refs","Round3 harness executed","TEST_EXECUTION_RESULTS.json","2026-06-27","","Not Run"
"C18-18.2-003","When many errors exist, the summary banner shall show the error count.","UI/UX","Platform","Matrix code refs","Round3 harness executed","TEST_EXECUTION_RESULTS.json","2026-06-27","","Not Run"
"C18-18.2-004","When many errors exist, error details shall appear at fields or rows.","UI/UX","GRN, Get Pass","Matrix code refs","Round3 harness executed","TEST_EXECUTION_RESULTS.json","2026-06-27","","Not Run"
"C18-18.2-005","All validation and error messages shall support localization.","UI/UX","Platform","Matrix code refs","Round3 harness executed","TEST_EXECUTION_RESULTS.json","2026-06-27","","Not Run"
"C18-18.2-006","Backend validation shall return codes.","UI/UX","Platform","Matrix code refs","Round3 harness executed","TEST_EXECUTION_RESULTS.json","2026-06-27","","Not Run"
"C18-18.2-007","The platform shall present translated text for backend validation codes.","UI/UX","Platform","Matrix code refs","Round3 harness executed","TEST_EXECUTION_RESULTS.json","2026-06-27","","Not Run"
"C18-18.2-008","Validation shall be deterministic: same input and conditions shall produce the same result.","UI/UX","GRN, Transfer, Posting","Matrix code refs","Round3 harness executed","TEST_EXECUTION_RESULTS.json","2026-06-27","","Not Run"
"C18-18.2-009","Validation shall occur at data entry per business rules.","UI/UX","GRN, Items, Transfer, Breakage, Get Pass","Matrix code refs","Round3 harness executed","TEST_EXECUTION_RESULTS.json","2026-06-27","","Not Run"
"C18-18.2-010","Validation shall occur at workflow actions per business rules.","UI/UX","GRN, Transfer, Breakage, Get Pass","Matrix code refs","Round3 harness executed","TEST_EXECUTION_RESULTS.json","2026-06-27","","Not Run"
"C18-18.2-011","Validation shall occur at posting per business rules.","UI/UX","GRN, Posting, Inventory Count","Matrix code refs","Round3 harness executed","TEST_EXECUTION_RESULTS.json","2026-06-27","","Not Run"
"C18-18.2-012","Client-side validation shall assist only.","UI/UX","GRN","Matrix code refs","Round3 harness executed","TEST_EXECUTION_RESULTS.json","2026-06-27","","Not Run"
"C18-18.2-013","Server-side validation shall be authoritative.","UI/UX","GRN, Transfer, Breakage, Posting","Matrix code refs","Round3 harness executed","TEST_EXECUTION_RESULTS.json","2026-06-27","","Not Run"
"C18-18.2-014","Validation messages shall be presented in logical order: header, then lines, then document.","UI/UX","Platform","Matrix code refs","Round3 harness executed","TEST_EXECUTION_RESULTS.json","2026-06-27","","Not Run"
"C18-18.2-015","Warnings shall be informational unless governed otherwise.","UI/UX","GRN, Transfer, Get Pass, Platform","Matrix code refs","Round3 harness executed","TEST_EXECUTION_RESULTS.json","2026-06-27","","Not Run"
"C18-18.2-016","Validation errors shall block the operation.","UI/UX","GRN, Transfer, Posting","Matrix code refs","Round3 harness executed","TEST_EXECUTION_RESULTS.json","2026-06-27","","Not Run"
"C18-18.2-017","The same error must not be duplicated across display channels.","UI/UX","Platform, GRN","Matrix code refs","Round3 harness executed","TEST_EXECUTION_RESULTS.json","2026-06-27","","Not Run"
"C19-19.2-001","Error placement shall match severity.","UI/UX","Platform","Matrix code refs","Round3 harness executed","TEST_EXECUTION_RESULTS.json","2026-06-27","","Not Run"
"C19-19.2-002","Errors must not use duplicate display channels.","UI/UX","GRN, Platform","Matrix code refs","Round3 harness executed","TEST_EXECUTION_RESULTS.json","2026-06-27","","Not Run"
"C19-19.3-001","User-facing error messages shall be clear and actionable.","UI/UX","Platform","Matrix code refs","Round3 harness executed","TEST_EXECUTION_RESULTS.json","2026-06-27","","Not Run"
"C19-19.3-002","User-facing error messages shall be free of technical implementation details.","UI/UX","Platform","Matrix code refs","Round3 harness executed","TEST_EXECUTION_RESULTS.json","2026-06-27","","Not Run"
"C19-19.3-003","Stack traces must never be exposed to end users.","Static architecture","Platform","Matrix code refs","Round3 harness executed","TEST_EXECUTION_RESULTS.json","2026-06-27","","Static Verified — appropriate for static requirement"
"C19-19.3-004","SQL details must never be exposed to end users.","Static architecture","Platform","Matrix code refs","Round3 harness executed","TEST_EXECUTION_RESULTS.json","2026-06-27","","Static Verified — appropriate for static requirement"
"C19-19.3-005","Internal IDs must never be exposed to end users in error messages.","Permission/security","Platform, Super Admin, Tenants","Matrix code refs","Round3 harness executed","TEST_EXECUTION_RESULTS.json","2026-06-27","","Partial"
"C19-19.5-001","Equivalent error conditions shall produce consistent error codes and user experience.","UI/UX","Platform","Matrix code refs","Round3 harness executed","TEST_EXECUTION_RESULTS.json","2026-06-27","","Not Run"
"C19-19.7-001","The first validation error shall be focusable.","UI/UX","Platform","Matrix code refs","Round3 harness executed","TEST_EXECUTION_RESULTS.json","2026-06-27","","Not Run"
"C19-19.7-002","The first validation error shall be announced to assistive technology.","UI/UX","Get Pass, GRN, Platform","Matrix code refs","Round3 harness executed","TEST_EXECUTION_RESULTS.json","2026-06-27","","Not Run"
"C20-20.2-001","Notifications shall use a unified dictionary.","UI/UX","Workflow Pipeline, Platform, GRN, Transfer","Matrix code refs","Round3 harness executed","TEST_EXECUTION_RESULTS.json","2026-06-27","","Not Run"
"C20-20.2-002","Notifications for the same event shall be deduplicated.","UI/UX","Platform","Matrix code refs","Round3 harness executed","TEST_EXECUTION_RESULTS.json","2026-06-27","","Not Run"
"C20-20.2-003","Notifications must not rely on color alone.","UI/UX","Platform","Matrix code refs","Round3 harness executed","TEST_EXECUTION_RESULTS.json","2026-06-27","","Not Run"
"C20-20.5-001","The platform must not notify a user to open a document they cannot access.","UI/UX","Workflow Pipeline","Matrix code refs","Round3 harness executed","TEST_EXECUTION_RESULTS.json","2026-06-27","","Not Run"
"C21-21.1-001","Loading scope shall match the operation scope.","UI/UX","GRN, Transfer, Breakage, Get Pass, Reports, Items, Inventory Count","Matrix code refs","Round3 harness executed","TEST_EXECUTION_RESULTS.json","2026-06-27","","Not Run"
"C21-21.1-002","Long operations shall show progress or status.","UI/UX","GRN, Reports, Items, Admin","Matrix code refs","Round3 harness executed","TEST_EXECUTION_RESULTS.json","2026-06-27","","Not Run"
"C21-21.1-003","Action buttons shall be disabled during the action.","UI/UX","GRN, Transfer, Breakage, Get Pass, Items, Inventory Count","Matrix code refs","Round3 harness executed","TEST_EXECUTION_RESULTS.json","2026-06-27","","Not Run"
"C21-21.1-004","Double submission is prohibited.","UI/UX","GRN, Transfer, Get Pass, Breakage, Inventory Count","Matrix code refs","Round3 harness executed","TEST_EXECUTION_RESULTS.json","2026-06-27","","Not Run"
"C21-21.2-001","Partial operations must not block the entire application.","UI/UX","Platform","Matrix code refs","Round3 harness executed","TEST_EXECUTION_RESULTS.json","2026-06-27","","Not Run"
"C21-21.3-001","If loading exceeds a reasonable duration, the user shall be informed the operation continues.","UI/UX","Platform","Matrix code refs","Round3 harness executed","TEST_EXECUTION_RESULTS.json","2026-06-27","","Not Run"
"C22-22.2-001","Every workflow action must generate an audit record.","Data integrity","GRN, Transfer, Get Pass, Breakage, Inventory Count, Posting","Matrix code refs","Round3 harness executed","TEST_EXECUTION_RESULTS.json","2026-06-27","","Partial"
"C22-22.2-002","Every significant attachment change must generate an audit record.","Static architecture","Breakage, GRN","Matrix code refs","Round3 harness executed","TEST_EXECUTION_RESULTS.json","2026-06-27","","Static Verified — appropriate for static requirement"
"C22-22.2-003","Every significant line change must generate an audit record.","Static architecture","GRN, Transfer, Breakage, Get Pass","Matrix code refs","Round3 harness executed","TEST_EXECUTION_RESULTS.json","2026-06-27","","Static Verified — appropriate for static requirement"
"C22-22.3-001","The document timeline shall be a single chronological timeline.","UI/UX","GRN, Transfer, Breakage, Lost Items, Get Pass, Inventory Count","Matrix code refs","Round3 harness executed","TEST_EXECUTION_RESULTS.json","2026-06-27","","Not Run"
"C22-22.3-002","Audit records shall be immutable.","Static architecture","Audit Log, Platform","Matrix code refs","Round3 harness executed","TEST_EXECUTION_RESULTS.json","2026-06-27","","Static Verified — appropriate for static requirement"
"C22-22.3-003","Audit timestamps shall be stored internally in UTC.","Static architecture","Audit Log, Platform","Matrix code refs","Round3 harness executed","TEST_EXECUTION_RESULTS.json","2026-06-27","","Static Verified — appropriate for static requirement"
"C22-22.3-004","Audit timestamps shall be displayed per user time zone.","UI/UX","Platform","Matrix code refs","Round3 harness executed","TEST_EXECUTION_RESULTS.json","2026-06-27","","Not Run"
"C22-22.3-005","Timeline filtering is permitted without altering audit records.","UI/UX","Audit Log, Reports, GRN, Transfer, Breakage, Get Pass","Matrix code refs","Round3 harness executed","TEST_EXECUTION_RESULTS.json","2026-06-27","","Not Run"
"C23-23.1-001","Lookup behavior shall be unified for items, parties, locations, and references.","UI/UX","GRN, Transfer, Get Pass, Breakage, Master Data, Items, Inventory Count","Matrix code refs","Round3 harness executed","TEST_EXECUTION_RESULTS.json","2026-06-27","","Not Run"
"C23-23.2-001","Lookup profiles (Receiving, stock-based, catalog, issue) shall use the same UX with differing data scope only.","UI/UX","GRN, Transfer, Get Pass, Breakage, Master Data, Items","Matrix code refs","Round3 harness executed","TEST_EXECUTION_RESULTS.json","2026-06-27","","Not Run"
"C23-23.3-001","Lookup search shall support code, name, and barcode.","UI/UX","Items, GRN, Transfer, Get Pass, Breakage","Matrix code refs","Round3 harness executed","TEST_EXECUTION_RESULTS.json","2026-06-27","","Not Run"
"C23-23.3-002","Lookup search ranking shall be exact code, then exact barcode, then prefix, then contains.","UI/UX","Items","Matrix code refs","Round3 harness executed","TEST_EXECUTION_RESULTS.json","2026-06-27","","Not Run"
"C23-23.3-003","Lookup search shall debounce before executing search.","UI/UX","GRN, Transfer, Get Pass, Breakage, Items, Master Data","Matrix code refs","Round3 harness executed","TEST_EXECUTION_RESULTS.json","2026-06-27","","Not Run"
"C23-23.3-004","Lookup search shall normalize case and spaces insensitively.","UI/UX","Items, GRN, Transfer, Get Pass, Breakage","Matrix code refs","Round3 harness executed","TEST_EXECUTION_RESULTS.json","2026-06-27","","Not Run"
"C23-23.4-001","Lookup keyboard navigation shall support arrow up and arrow down.","UI/UX","GRN, Transfer, Get Pass, Breakage","Matrix code refs","Round3 harness executed","TEST_EXECUTION_RESULTS.json","2026-06-27","","Not Run"
"C23-23.4-002","Lookup keyboard navigation shall support Enter, Esc, and Tab.","UI/UX","GRN, Transfer, Get Pass, Breakage","Matrix code refs","Round3 harness executed","TEST_EXECUTION_RESULTS.json","2026-06-27","","Not Run"
"C23-23.4-003","Lookup shall close on select.","UI/UX","GRN","Matrix code refs","Round3 harness executed","TEST_EXECUTION_RESULTS.json","2026-06-27","","Not Run"
"C23-23.4-004","Lookup shall close on outside click.","UI/UX","GRN, Transfer, Get Pass, Breakage","Matrix code refs","Round3 harness executed","TEST_EXECUTION_RESULTS.json","2026-06-27","","Not Run"
"C23-23.4-005","Lookup shall close on field exit.","UI/UX","GRN, Transfer, Get Pass, Breakage","Matrix code refs","Round3 harness executed","TEST_EXECUTION_RESULTS.json","2026-06-27","","Not Run"
"C23-23.4-006","Only one lookup shall be open at a time.","UI/UX","Platform","Matrix code refs","Round3 harness executed","TEST_EXECUTION_RESULTS.json","2026-06-27","","Not Run"
"C23-23.4-007","After item pick in line entry, focus shall move to quantity.","UI/UX","GRN, Transfer, Get Pass, Breakage","Matrix code refs","Round3 harness executed","TEST_EXECUTION_RESULTS.json","2026-06-27","","Not Run"
"C23-23.5-001","Lookup loading, no-results, and error-with-retry states shall use unified messaging.","UI/UX","GRN, Transfer, Get Pass, Breakage, Platform","Matrix code refs","Round3 harness executed","TEST_EXECUTION_RESULTS.json","2026-06-27","","Not Run"
"C23-23.5-002","Lookup shall use unified empty states.","UI/UX","Platform","Matrix code refs","Round3 harness executed","TEST_EXECUTION_RESULTS.json","2026-06-27","","Not Run"
"C23-23.6-001","Lookup results shall be filtered by permission to show only authorized data.","UI/UX","Items, GRN, Transfer, Get Pass, Breakage, Master Data","Matrix code refs","Round3 harness executed","TEST_EXECUTION_RESULTS.json","2026-06-27","","Not Run"
"C23-23.6-002","Lookup shall enforce tenant isolation with no cross-tenant data.","UI/UX","Platform","Matrix code refs","Round3 harness executed","TEST_EXECUTION_RESULTS.json","2026-06-27","","Not Run"
"C23-23.6-003","Large lookup result sets shall use paging or infinite scroll per platform policy.","UI/UX","Items, GRN, Transfer, Get Pass, Breakage","Matrix code refs","Round3 harness executed","TEST_EXECUTION_RESULTS.json","2026-06-27","","Not Run"
"C23-23.6-004","Large catalogs shall use server-side search.","UI/UX","Items, GRN, Transfer, Get Pass, Breakage","Matrix code refs","Round3 harness executed","TEST_EXECUTION_RESULTS.json","2026-06-27","","Not Run"
"C23-23.6-005","Loading entire large catalogs into the client is prohibited.","UI/UX","GRN, Transfer, Get Pass, Breakage, Master Data","Matrix code refs","Round3 harness executed","TEST_EXECUTION_RESULTS.json","2026-06-27","","Not Run"
"C24-24.1-001","Operational data entry shall be desktop only for v2.0.","UI/UX","Platform","Matrix code refs","Round3 harness executed","TEST_EXECUTION_RESULTS.json","2026-06-27","","Not Run"
"C24-24.2-001","Minimum supported resolution shall be 1366x768.","UI/UX","Platform","Matrix code refs","Round3 harness executed","TEST_EXECUTION_RESULTS.json","2026-06-27","","Not Run"
"C24-24.3-001","Zoom support from 80% to 125% is required for release acceptance.","UI/UX","Platform","Matrix code refs","Round3 harness executed","TEST_EXECUTION_RESULTS.json","2026-06-27","","Not Run"
"C24-24.4-001","Pages shall not require horizontal page scroll except inside grids.","UI/UX","Platform, GRN, Transfer, Get Pass, Breakage, Reports, Registry lists, Items, Inventory Count, Movements, Master Data","Matrix code refs","Round3 harness executed","TEST_EXECUTION_RESULTS.json","2026-06-27","","Not Run"
"C24-24.4-002","Titles shall not be clipped.","UI/UX","Platform, GRN, Transfer, Get Pass, Breakage, Reports, Registry lists, Dashboard, Admin","Matrix code refs","Round3 harness executed","TEST_EXECUTION_RESULTS.json","2026-06-27","","Not Run"
"C24-24.4-003","Buttons shall not overlap.","UI/UX","Platform, GRN, Transfer, Get Pass, Breakage, Reports, Document detail, Workflow Pipeline","Matrix code refs","Round3 harness executed","TEST_EXECUTION_RESULTS.json","2026-06-27","","Not Run"
"C24-24.4-004","Create screen primary actions shall be visible at 1366x768 and 100% zoom.","UI/UX","GRN, Transfer, Get Pass, Breakage","Matrix code refs","Round3 harness executed","TEST_EXECUTION_RESULTS.json","2026-06-27","","Not Run"
"C24-24.4-005","Dialogs shall fit the viewport with internal scroll.","UI/UX","Platform, ACC, Master Data, Breakage, GRN, Admin","Matrix code refs","Round3 harness executed","TEST_EXECUTION_RESULTS.json","2026-06-27","","Not Run"
"C24-24.4-006","Tables shall scroll internally.","UI/UX","Registry lists, Reports, GRN, Transfer, Get Pass, Breakage, Items, Inventory Count, Movements, Ledger, Master Data","Matrix code refs","Round3 harness executed","TEST_EXECUTION_RESULTS.json","2026-06-27","","Not Run"
"C24-24.5-001","Supported browsers shall follow the platform browser support matrix.","UI/UX","Platform","Matrix code refs","Round3 harness executed","TEST_EXECUTION_RESULTS.json","2026-06-27","","Not Run"
"C24-24.5-002","High DPI displays (2K/4K) shall be supported.","UI/UX","Platform","Matrix code refs","Round3 harness executed","TEST_EXECUTION_RESULTS.json","2026-06-27","","Not Run"
"C24-24.5-003","Multi-monitor presentation shall be consistent.","UI/UX","Platform","Matrix code refs","Round3 harness executed","TEST_EXECUTION_RESULTS.json","2026-06-27","","Not Run"
"C24-24.6-001","Responsive test matrix 1366x768 at 80/90/100/110/125% zoom is required for Definition of Done.","UI/UX","Platform","Matrix code refs","Round3 harness executed","TEST_EXECUTION_RESULTS.json","2026-06-27","","Not Run"
"C24-24.6-002","Responsive test matrix 1440/1600/1920 at 100% zoom is required for Definition of Done.","UI/UX","Platform","Matrix code refs","Round3 harness executed","TEST_EXECUTION_RESULTS.json","2026-06-27","","Not Run"
"C25-25.2-001","Modules must not invent unrelated document layouts.","UI/UX","GRN, Transfer, Get Pass, Breakage, Lost Items, Movement, Inventory Count","Matrix code refs","Round3 harness executed","TEST_EXECUTION_RESULTS.json","2026-06-27","","Not Run"
"C25-25.2-002","All modules must declare and follow one document layout archetype.","UI/UX","Platform","Matrix code refs","Round3 harness executed","TEST_EXECUTION_RESULTS.json","2026-06-27","","Not Run"
"C25-25.3-001","Primary scroll owner shall be defined per document layout archetype.","UI/UX","Registry lists, Document detail, Reports, Items, Inventory Count, Movements, Master Data, Dashboard","Matrix code refs","Round3 harness executed","TEST_EXECUTION_RESULTS.json","2026-06-27","","Not Run"
"C25-25.3-002","Primary scroll owner shall be consistent per archetype.","UI/UX","Platform, GRN, Transfer, Get Pass, Breakage, Lost Items, Movements, Items, Inventory Count, Reports, Master Data","Matrix code refs","Round3 harness executed","TEST_EXECUTION_RESULTS.json","2026-06-27","","Not Run"
"C26-26.1-001","Print and PDF export must match.","Reporting","GRN, Transfer, Get Pass, Breakage, Lost Items, Reports, Inventory Count","Matrix code refs","Round3 harness executed","TEST_EXECUTION_RESULTS.json","2026-06-27","","Not Run"
"C26-26.1-002","Printed and exported documents shall include status watermarks such as draft, posted, and void.","Reporting","GRN, Transfer, Get Pass, Breakage, Lost Items, Reports","Matrix code refs","Round3 harness executed","TEST_EXECUTION_RESULTS.json","2026-06-27","","Not Run"
"C26-26.1-003","Printed and exported documents shall include header and footer with organization identity.","Reporting","Reports, Evidence PDFs","Matrix code refs","Round3 harness executed","TEST_EXECUTION_RESULTS.json","2026-06-27","","Not Run"
"C26-26.1-004","Printed and exported documents shall include page numbers and print metadata.","Reporting","Reports, Evidence PDFs, Get Pass, Inventory Count, GRN, Transfer, Lost Items","Matrix code refs","Round3 harness executed","TEST_EXECUTION_RESULTS.json","2026-06-27","","Not Run"
"C26-26.2-001","The platform electronic record is authoritative over printed or exported copies.","Reporting","Platform, GRN, Transfer, Get Pass, Breakage, Reports","Matrix code refs","Round3 harness executed","TEST_EXECUTION_RESULTS.json","2026-06-27","","Not Run"
"C26-26.3-001","Print shall be subject to the same permission model as document view.","UI/UX","GRN, Transfer, Reports","Matrix code refs","Round3 harness executed","TEST_EXECUTION_RESULTS.json","2026-06-27","","Not Run"
"C26-26.3-002","Export shall be subject to the same permission model as document view.","UI/UX","Reports, GRN, Transfer, Get Pass, Breakage, Lost Items, Inventory Count","Matrix code refs","Round3 harness executed","TEST_EXECUTION_RESULTS.json","2026-06-27","","Not Run"
"C26-26.3-003","Export authorization shall be explicit.","Reporting","Reports, GRN, Transfer, Get Pass, Breakage, Lost Items, Inventory Count, ACC","Matrix code refs","Round3 harness executed","TEST_EXECUTION_RESULTS.json","2026-06-27","","Not Run"
"C26-26.4-001","Sensitive data shall be masked per authorization on export and print.","Reporting","Reports, PDF","Matrix code refs","Round3 harness executed","TEST_EXECUTION_RESULTS.json","2026-06-27","","Not Run"
"C27-27.1-001","Large lists shall use paging or virtual presentation.","Documentation","Items, GRN, Transfer, Get Pass, Breakage, Movements, Lost Items, Inventory Count, Admin, Reports","Matrix code refs","Round3 harness executed","TEST_EXECUTION_RESULTS.json","2026-06-27","","Static Verified — appropriate for static requirement"
"C27-27.1-002","Server-assisted search shall be used when warranted for large lists.","Documentation","Items, Transfer, Get Pass, Breakage, Reports, Master Data, Movements","Matrix code refs","Round3 harness executed","TEST_EXECUTION_RESULTS.json","2026-06-27","","Static Verified — appropriate for static requirement"
"C27-27.1-003","Search requests shall use debounce and cancel in-flight requests.","Documentation","GRN, Transfer, Get Pass, Breakage, Items, Reports, Master Data, Movements","Matrix code refs","Round3 harness executed","TEST_EXECUTION_RESULTS.json","2026-06-27","","Static Verified — appropriate for static requirement"
"C27-27.1-004","Heavy export and print operations shall be asynchronous with user feedback.","Documentation","Reports, GRN, Transfer, Get Pass, Evidence PDFs","Matrix code refs","Round3 harness executed","TEST_EXECUTION_RESULTS.json","2026-06-27","","Static Verified — appropriate for static requirement"
"C28-28.1-001","Interactive elements shall be labeled.","UI/UX","Platform, GRN, Transfer, Get Pass, Breakage, Reports, Admin, Registry lists","Matrix code refs","Round3 harness executed","TEST_EXECUTION_RESULTS.json","2026-06-27","","Not Run"
"C28-28.1-002","Color shall not be the sole state indicator.","UI/UX","Platform, GRN, Transfer, Get Pass, Breakage, Workflow Pipeline, Inventory Count","Matrix code refs","Round3 harness executed","TEST_EXECUTION_RESULTS.json","2026-06-27","","Not Run"
"C28-28.1-003","Contrast shall meet agreed accessibility targets.","UI/UX","Platform","Matrix code refs","Round3 harness executed","TEST_EXECUTION_RESULTS.json","2026-06-27","","Not Run"
"C28-28.2-001","The platform shall support screen reader compatibility for governed interactions.","UI/UX","Platform","Matrix code refs","Round3 harness executed","TEST_EXECUTION_RESULTS.json","2026-06-27","","Not Run"
"C28-28.3-001","Validation messages shall be accessible to assistive technology.","UI/UX","Platform, Get Pass, GRN, Transfer, Breakage","Matrix code refs","Round3 harness executed","TEST_EXECUTION_RESULTS.json","2026-06-27","","Not Run"
"C28-28.3-002","Error messages shall be accessible to assistive technology.","UI/UX","Platform","Matrix code refs","Round3 harness executed","TEST_EXECUTION_RESULTS.json","2026-06-27","","Not Run"
"C29-29.1-001","New capabilities must declare applicable Constitution chapters before release.","Documentation","Governance","Matrix code refs","Round3 harness executed","TEST_EXECUTION_RESULTS.json","2026-06-27","","Static Verified — appropriate for static requirement"
"C29-29.1-002","Revised capabilities must declare applicable Constitution chapters before release.","Documentation","Governance","Matrix code refs","Round3 harness executed","TEST_EXECUTION_RESULTS.json","2026-06-27","","Static Verified — appropriate for static requirement"
"C29-29.1-003","New and revised capabilities must demonstrate Constitution compliance before release.","Documentation","Governance","Matrix code refs","Round3 harness executed","TEST_EXECUTION_RESULTS.json","2026-06-27","","Static Verified — appropriate for static requirement"
"C29-29.3-001","A screen or capability is compliant only when all mandatory rules in applicable chapters are satisfied.","Documentation","Governance","Matrix code refs","Round3 harness executed","TEST_EXECUTION_RESULTS.json","2026-06-27","","Static Verified — appropriate for static requirement"
"C29-29.3-002","Compliance Definition of Done shall include the responsive test matrix where applicable.","UI/UX","Governance, UX","Matrix code refs","Round3 harness executed","TEST_EXECUTION_RESULTS.json","2026-06-27","","Not Run"
"C29-29.4-001","Exceptions require documented approval, scope, expiry, and registration.","Documentation","Governance","Matrix code refs","Round3 harness executed","TEST_EXECUTION_RESULTS.json","2026-06-27","","Static Verified — appropriate for static requirement"
"C29-29.4-002","Exceptions must not weaken audit rules.","Documentation","Governance","Matrix code refs","Round3 harness executed","TEST_EXECUTION_RESULTS.json","2026-06-27","","Static Verified — appropriate for static requirement"
"C29-29.4-003","Exceptions must not weaken posting rules.","Documentation","Governance","Matrix code refs","Round3 harness executed","TEST_EXECUTION_RESULTS.json","2026-06-27","","Static Verified — appropriate for static requirement"
"C29-29.4-004","Exceptions must not weaken period rules.","Static architecture","Governance, Period Close","Matrix code refs","Round3 harness executed","TEST_EXECUTION_RESULTS.json","2026-06-27","","Static Verified — appropriate for static requirement"
"C29-29.5-001","New operational modules must undergo constitutional review before production approval.","Documentation","Governance","Matrix code refs","Round3 harness executed","TEST_EXECUTION_RESULTS.json","2026-06-27","","Static Verified — appropriate for static requirement"
"C29-29.6-001","QA shall validate against this Constitution and the UX Constitution.","UI/UX","QA, Governance","Matrix code refs","Round3 harness executed","TEST_EXECUTION_RESULTS.json","2026-06-27","","Not Run"
"C29-29.7-001","A conformance backlog shall not override the Constitution.","Documentation","Governance","Matrix code refs","Round3 harness executed","TEST_EXECUTION_RESULTS.json","2026-06-27","","Static Verified — appropriate for static requirement"